difference,edges
5,0.01868
4,0.092
3,0.18254
2,0.20272
1,0.19778
0,0.30628
