difference,edges
5,0.00024
4,0.00606
3,0.04996
2,0.20174
1,0.40552
0,0.33648